{
  "fan_curve": [
    [
      40,
      47.28125
    ],
    [
      110,
      49.03125
    ]
  ],
  "pump_curve": [
    [
      40,
      55.33124999999999
    ],
    [
      110,
      57.86874999999999
    ]
  ],
  "source_mode": 2,
  "presets": {
    "Стандарт": {
      "fan_curve": [
        [
          40,
          47.28125
        ],
        [
          110,
          49.03125
        ]
      ],
      "pump_curve": [
        [
          40,
          55.33124999999999
        ],
        [
          110,
          57.86874999999999
        ]
      ]
    }
  },
  "selected_preset": "Стандарт",
  "hyst_fan": 5,
  "hyst_pump": 5
}